﻿<?xml version="1.0" encoding="utf-8"?><model xmlns="http://schemas.serviceml.org/smlif/2007/02"><identity><name>urn:uuid:96fe1236-abf6-4a57-b54d-e9baab394fd1</name><baseURI>http://documentcollection/</baseURI></identity><definitions xmlns:sfc="http://schemas.microsoft.com/sqlserver/sfc/serialization/2007/08" xmlns="http://schemas.serviceml.org/smlif/2007/02"><document><docinfo><aliases><alias>/system/schema/DMF</alias></aliases><sfc:version DomainVersion="3" /></docinfo><data><xs:schema targetNamespace="http://schemas.microsoft.com/sqlserver/DMF/2007/08" xmlns:sfc="http://schemas.microsoft.com/sqlserver/sfc/serialization/2007/08" xmlns:sml="http://schemas.serviceml.org/sml/2007/02" xmlns:xs="http://www.w3.org/2001/XMLSchema" elementFormDefault="qualified"><xs:element name="Policy"><xs:complexType><xs:sequence><xs:any namespace="http://schemas.microsoft.com/sqlserver/DMF/2007/08" processContents="skip" minOccurs="0" maxOccurs="unbounded" /></xs:sequence></xs:complexType></xs:element><xs:element name="ObjectSet"><xs:complexType><xs:sequence><xs:any namespace="http://schemas.microsoft.com/sqlserver/DMF/2007/08" processContents="skip" minOccurs="0" maxOccurs="unbounded" /></xs:sequence></xs:complexType></xs:element><xs:element name="Condition"><xs:complexType><xs:sequence><xs:any namespace="http://schemas.microsoft.com/sqlserver/DMF/2007/08" processContents="skip" minOccurs="0" maxOccurs="unbounded" /></xs:sequence></xs:complexType></xs:element><xs:element name="PolicyCategory"><xs:complexType><xs:sequence><xs:any namespace="http://schemas.microsoft.com/sqlserver/DMF/2007/08" processContents="skip" minOccurs="0" maxOccurs="unbounded" /></xs:sequence></xs:complexType></xs:element><xs:element name="TargetSet"><xs:complexType><xs:sequence><xs:any namespace="http://schemas.microsoft.com/sqlserver/DMF/2007/08" processContents="skip" minOccurs="0" maxOccurs="unbounded" /></xs:sequence></xs:complexType></xs:element></xs:schema></data></document></definitions><instances xmlns:sfc="http://schemas.microsoft.com/sqlserver/sfc/serialization/2007/08" xmlns="http://schemas.serviceml.org/smlif/2007/02"><document><docinfo><aliases><alias>/PolicyStore/Policy/Server Audit Status (Started)</alias></aliases><sfc:version DomainVersion="3" /></docinfo><data><DMF:Policy xmlns:DMF="http://schemas.microsoft.com/sqlserver/DMF/2007/08" xmlns:sfc="http://schemas.microsoft.com/sqlserver/sfc/serialization/2007/08" xmlns:sml="http://schemas.serviceml.org/sml/2007/02" xmlns:xs="http://www.w3.org/2001/XMLSchema"><DMF:Parent><sfc:Reference sml:ref="true"><sml:Uri>/PolicyStore</sml:Uri></sfc:Reference></DMF:Parent><DMF:PolicyCondition><sfc:Reference sml:ref="true"><sml:Uri>/PolicyStore/Condition/Server Audit Started</sml:Uri></sfc:Reference></DMF:PolicyCondition><DMF:PolicyObjectSet><sfc:Reference sml:ref="true"><sml:Uri>/PolicyStore/ObjectSet/Server Audit Status (Started)__ObjectSet</sml:Uri></sfc:Reference></DMF:PolicyObjectSet><DMF:PolicyRootCondition><sfc:Reference sml:ref="true"><sml:Uri>/PolicyStore/Condition/SQL Server 2008</sml:Uri></sfc:Reference></DMF:PolicyRootCondition><DMF:PolicyPolicyCategory><sfc:Reference sml:ref="true"><sml:Uri>/PolicyStore/PolicyCategory/Server Configuration</sml:Uri></sfc:Reference></DMF:PolicyPolicyCategory><DMF:Name type="string">Server Audit Status (Started)</DMF:Name><DMF:Description type="string">Evluate the policy to check on the Server Audit status that is running. This is a workaround to throw an error in SQL Log that the status is "RUNTIME_FAILED". An Alert will fire and execute SQL job to disable and enable it.</DMF:Description><DMF:Condition type="string">Server Audit Started</DMF:Condition><DMF:ObjectSet type="string">Server Audit Status (Started)_ObjectSet</DMF:ObjectSet><DMF:RootCondition type="string">SQL Server 2008</DMF:RootCondition><DMF:PolicyCategory type="string">Server Configuration</DMF:PolicyCategory><DMF:Enabled type="boolean">true</DMF:Enabled><DMF:AutomatedPolicyEvaluationMode type="AutomatedPolicyEvaluationMode">CheckOnSchedule</DMF:AutomatedPolicyEvaluationMode><DMF:ScheduleUid type="guid">57a381b7-4cf3-426d-8bbb-b8dd15d23c0c</DMF:ScheduleUid><DMF:HelpText type="string" /><DMF:HelpLink type="string" /><DMF:ActiveEndDate type="dateTime">9999-12-31T00:00:00</DMF:ActiveEndDate><DMF:ActiveEndTimeOfDay type="long">863990000000</DMF:ActiveEndTimeOfDay><DMF:ActiveStartDate type="dateTime">2008-07-09T00:00:00</DMF:ActiveStartDate><DMF:ActiveStartTimeOfDay type="long">0</DMF:ActiveStartTimeOfDay><DMF:FrequencyInterval type="int">1</DMF:FrequencyInterval><DMF:FrequencyRecurrenceFactor type="int">0</DMF:FrequencyRecurrenceFactor><DMF:FrequencyRelativeIntervals type="FrequencyRelativeIntervals" /><DMF:FrequencySubDayInterval type="int">5</DMF:FrequencySubDayInterval><DMF:FrequencySubDayTypes type="FrequencySubDayTypes">Minute</DMF:FrequencySubDayTypes><DMF:FrequencyTypes type="FrequencyTypes">Daily</DMF:FrequencyTypes><DMF:Schedule type="string">CollectorSchedule_Every_5min</DMF:Schedule></DMF:Policy></data></document><document><docinfo><aliases><alias>/PolicyStore/ObjectSet/Server Audit Status (Started)__ObjectSet</alias></aliases><sfc:version DomainVersion="3" /></docinfo><data><DMF:ObjectSet xmlns:DMF="http://schemas.microsoft.com/sqlserver/DMF/2007/08" xmlns:sfc="http://schemas.microsoft.com/sqlserver/sfc/serialization/2007/08" xmlns:sml="http://schemas.serviceml.org/sml/2007/02" xmlns:xs="http://www.w3.org/2001/XMLSchema"><DMF:TargetSets><sfc:Collection><sfc:Reference sml:ref="true"><sml:Uri>/PolicyStore/ObjectSet/Server Audit Status (Started)__ObjectSet/TargetSet/Server</sml:Uri></sfc:Reference></sfc:Collection></DMF:TargetSets><DMF:Parent><sfc:Reference sml:ref="true"><sml:Uri>/PolicyStore</sml:Uri></sfc:Reference></DMF:Parent><DMF:Name type="string">Server Audit Status (Started)_ObjectSet</DMF:Name><DMF:Facet type="string">Server</DMF:Facet></DMF:ObjectSet></data></document><document><docinfo><aliases><alias>/PolicyStore/Condition/Server Audit Started</alias></aliases><sfc:version DomainVersion="3" /></docinfo><data><DMF:Condition xmlns:DMF="http://schemas.microsoft.com/sqlserver/DMF/2007/08" xmlns:sfc="http://schemas.microsoft.com/sqlserver/sfc/serialization/2007/08" xmlns:sml="http://schemas.serviceml.org/sml/2007/02" xmlns:xs="http://www.w3.org/2001/XMLSchema"><DMF:Parent><sfc:Reference sml:ref="true"><sml:Uri>/PolicyStore</sml:Uri></sfc:Reference></DMF:Parent><DMF:Expression type="string">&lt;Operator&gt;&lt;?char 13?&gt;
  &lt;TypeClass&gt;Bool&lt;/TypeClass&gt;&lt;?char 13?&gt;
  &lt;OpType&gt;OR&lt;/OpType&gt;&lt;?char 13?&gt;
  &lt;Count&gt;2&lt;/Count&gt;&lt;?char 13?&gt;
  &lt;Operator&gt;&lt;?char 13?&gt;
    &lt;TypeClass&gt;Bool&lt;/TypeClass&gt;&lt;?char 13?&gt;
    &lt;OpType&gt;EQ&lt;/OpType&gt;&lt;?char 13?&gt;
    &lt;Count&gt;2&lt;/Count&gt;&lt;?char 13?&gt;
    &lt;Function&gt;&lt;?char 13?&gt;
      &lt;TypeClass&gt;Numeric&lt;/TypeClass&gt;&lt;?char 13?&gt;
      &lt;FunctionType&gt;IsNull&lt;/FunctionType&gt;&lt;?char 13?&gt;
      &lt;ReturnType&gt;Numeric&lt;/ReturnType&gt;&lt;?char 13?&gt;
      &lt;Count&gt;2&lt;/Count&gt;&lt;?char 13?&gt;
      &lt;Function&gt;&lt;?char 13?&gt;
        &lt;TypeClass&gt;Numeric&lt;/TypeClass&gt;&lt;?char 13?&gt;
        &lt;FunctionType&gt;ExecuteSql&lt;/FunctionType&gt;&lt;?char 13?&gt;
        &lt;ReturnType&gt;Numeric&lt;/ReturnType&gt;&lt;?char 13?&gt;
        &lt;Count&gt;2&lt;/Count&gt;&lt;?char 13?&gt;
        &lt;Constant&gt;&lt;?char 13?&gt;
          &lt;TypeClass&gt;String&lt;/TypeClass&gt;&lt;?char 13?&gt;
          &lt;ObjType&gt;System.String&lt;/ObjType&gt;&lt;?char 13?&gt;
          &lt;Value&gt;Numeric&lt;/Value&gt;&lt;?char 13?&gt;
        &lt;/Constant&gt;&lt;?char 13?&gt;
        &lt;Constant&gt;&lt;?char 13?&gt;
          &lt;TypeClass&gt;String&lt;/TypeClass&gt;&lt;?char 13?&gt;
          &lt;ObjType&gt;System.String&lt;/ObjType&gt;&lt;?char 13?&gt;
          &lt;Value&gt;select status from sys.dm_server_audit_status&lt;/Value&gt;&lt;?char 13?&gt;
        &lt;/Constant&gt;&lt;?char 13?&gt;
      &lt;/Function&gt;&lt;?char 13?&gt;
      &lt;Constant&gt;&lt;?char 13?&gt;
        &lt;TypeClass&gt;Numeric&lt;/TypeClass&gt;&lt;?char 13?&gt;
        &lt;ObjType&gt;System.Double&lt;/ObjType&gt;&lt;?char 13?&gt;
        &lt;Value&gt;0&lt;/Value&gt;&lt;?char 13?&gt;
      &lt;/Constant&gt;&lt;?char 13?&gt;
    &lt;/Function&gt;&lt;?char 13?&gt;
    &lt;Constant&gt;&lt;?char 13?&gt;
      &lt;TypeClass&gt;Numeric&lt;/TypeClass&gt;&lt;?char 13?&gt;
      &lt;ObjType&gt;System.Double&lt;/ObjType&gt;&lt;?char 13?&gt;
      &lt;Value&gt;1&lt;/Value&gt;&lt;?char 13?&gt;
    &lt;/Constant&gt;&lt;?char 13?&gt;
  &lt;/Operator&gt;&lt;?char 13?&gt;
  &lt;Operator&gt;&lt;?char 13?&gt;
    &lt;TypeClass&gt;Bool&lt;/TypeClass&gt;&lt;?char 13?&gt;
    &lt;OpType&gt;EQ&lt;/OpType&gt;&lt;?char 13?&gt;
    &lt;Count&gt;2&lt;/Count&gt;&lt;?char 13?&gt;
    &lt;Function&gt;&lt;?char 13?&gt;
      &lt;TypeClass&gt;Numeric&lt;/TypeClass&gt;&lt;?char 13?&gt;
      &lt;FunctionType&gt;IsNull&lt;/FunctionType&gt;&lt;?char 13?&gt;
      &lt;ReturnType&gt;Numeric&lt;/ReturnType&gt;&lt;?char 13?&gt;
      &lt;Count&gt;2&lt;/Count&gt;&lt;?char 13?&gt;
      &lt;Function&gt;&lt;?char 13?&gt;
        &lt;TypeClass&gt;Numeric&lt;/TypeClass&gt;&lt;?char 13?&gt;
        &lt;FunctionType&gt;ExecuteSql&lt;/FunctionType&gt;&lt;?char 13?&gt;
        &lt;ReturnType&gt;Numeric&lt;/ReturnType&gt;&lt;?char 13?&gt;
        &lt;Count&gt;2&lt;/Count&gt;&lt;?char 13?&gt;
        &lt;Constant&gt;&lt;?char 13?&gt;
          &lt;TypeClass&gt;String&lt;/TypeClass&gt;&lt;?char 13?&gt;
          &lt;ObjType&gt;System.String&lt;/ObjType&gt;&lt;?char 13?&gt;
          &lt;Value&gt;Numeric&lt;/Value&gt;&lt;?char 13?&gt;
        &lt;/Constant&gt;&lt;?char 13?&gt;
        &lt;Constant&gt;&lt;?char 13?&gt;
          &lt;TypeClass&gt;String&lt;/TypeClass&gt;&lt;?char 13?&gt;
          &lt;ObjType&gt;System.String&lt;/ObjType&gt;&lt;?char 13?&gt;
          &lt;Value&gt;select status from sys.dm_server_audit_status&lt;/Value&gt;&lt;?char 13?&gt;
        &lt;/Constant&gt;&lt;?char 13?&gt;
      &lt;/Function&gt;&lt;?char 13?&gt;
      &lt;Constant&gt;&lt;?char 13?&gt;
        &lt;TypeClass&gt;Numeric&lt;/TypeClass&gt;&lt;?char 13?&gt;
        &lt;ObjType&gt;System.Double&lt;/ObjType&gt;&lt;?char 13?&gt;
        &lt;Value&gt;99&lt;/Value&gt;&lt;?char 13?&gt;
      &lt;/Constant&gt;&lt;?char 13?&gt;
    &lt;/Function&gt;&lt;?char 13?&gt;
    &lt;Constant&gt;&lt;?char 13?&gt;
      &lt;TypeClass&gt;Numeric&lt;/TypeClass&gt;&lt;?char 13?&gt;
      &lt;ObjType&gt;System.Double&lt;/ObjType&gt;&lt;?char 13?&gt;
      &lt;Value&gt;99&lt;/Value&gt;&lt;?char 13?&gt;
    &lt;/Constant&gt;&lt;?char 13?&gt;
  &lt;/Operator&gt;&lt;?char 13?&gt;
&lt;/Operator&gt;</DMF:Expression><DMF:Name type="string">Server Audit Started</DMF:Name><DMF:Description type="string">Check Server Audit status, if 1 = "Started" or Null = disabled then no violation. &lt;?char 13?&gt;
If the status is 2 = "RUNTIME_FAILED" or 0 = "STARTED_FAILED"then violation occurs.</DMF:Description><DMF:Facet type="string">Server</DMF:Facet></DMF:Condition></data></document><document><docinfo><aliases><alias>/PolicyStore/Condition/SQL Server 2008</alias></aliases><sfc:version DomainVersion="3" /></docinfo><data><DMF:Condition xmlns:DMF="http://schemas.microsoft.com/sqlserver/DMF/2007/08" xmlns:sfc="http://schemas.microsoft.com/sqlserver/sfc/serialization/2007/08" xmlns:sml="http://schemas.serviceml.org/sml/2007/02" xmlns:xs="http://www.w3.org/2001/XMLSchema"><DMF:Parent><sfc:Reference sml:ref="true"><sml:Uri>/PolicyStore</sml:Uri></sfc:Reference></DMF:Parent><DMF:Expression type="string">&lt;Operator&gt;&lt;?char 13?&gt;
  &lt;TypeClass&gt;Bool&lt;/TypeClass&gt;&lt;?char 13?&gt;
  &lt;OpType&gt;EQ&lt;/OpType&gt;&lt;?char 13?&gt;
  &lt;Count&gt;2&lt;/Count&gt;&lt;?char 13?&gt;
  &lt;Attribute&gt;&lt;?char 13?&gt;
    &lt;TypeClass&gt;Numeric&lt;/TypeClass&gt;&lt;?char 13?&gt;
    &lt;Name&gt;VersionMajor&lt;/Name&gt;&lt;?char 13?&gt;
  &lt;/Attribute&gt;&lt;?char 13?&gt;
  &lt;Constant&gt;&lt;?char 13?&gt;
    &lt;TypeClass&gt;Numeric&lt;/TypeClass&gt;&lt;?char 13?&gt;
    &lt;ObjType&gt;System.Double&lt;/ObjType&gt;&lt;?char 13?&gt;
    &lt;Value&gt;10&lt;/Value&gt;&lt;?char 13?&gt;
  &lt;/Constant&gt;&lt;?char 13?&gt;
&lt;/Operator&gt;</DMF:Expression><DMF:Name type="string">SQL Server 2008</DMF:Name><DMF:Description type="string" /><DMF:Facet type="string">Server</DMF:Facet></DMF:Condition></data></document><document><docinfo><aliases><alias>/PolicyStore/PolicyCategory/Server Configuration</alias></aliases><sfc:version DomainVersion="3" /></docinfo><data><DMF:PolicyCategory xmlns:DMF="http://schemas.microsoft.com/sqlserver/DMF/2007/08" xmlns:sfc="http://schemas.microsoft.com/sqlserver/sfc/serialization/2007/08" xmlns:sml="http://schemas.serviceml.org/sml/2007/02" xmlns:xs="http://www.w3.org/2001/XMLSchema"><DMF:Parent><sfc:Reference sml:ref="true"><sml:Uri>/PolicyStore</sml:Uri></sfc:Reference></DMF:Parent><DMF:Name type="string">Server Configuration</DMF:Name></DMF:PolicyCategory></data></document><document><docinfo><aliases><alias>/PolicyStore/ObjectSet/Server Audit Status (Started)__ObjectSet/TargetSet/Server</alias></aliases><sfc:version DomainVersion="3" /></docinfo><data><DMF:TargetSet xmlns:DMF="http://schemas.microsoft.com/sqlserver/DMF/2007/08" xmlns:sfc="http://schemas.microsoft.com/sqlserver/sfc/serialization/2007/08" xmlns:sml="http://schemas.serviceml.org/sml/2007/02" xmlns:xs="http://www.w3.org/2001/XMLSchema"><DMF:Parent><sfc:Reference sml:ref="true"><sml:Uri>/PolicyStore/ObjectSet/Server Audit Status (Started)__ObjectSet</sml:Uri></sfc:Reference></DMF:Parent><DMF:TargetTypeSkeleton type="string">Server</DMF:TargetTypeSkeleton><DMF:Enabled type="boolean">true</DMF:Enabled></DMF:TargetSet></data></document></instances></model>